{
  "products": [
    {
      "productId": "prod001",
      "name": "Bloodline Vennom T-Shirt",
      "price": 2199,
      "sizes": ["XS", "S", "M", "L", "XL"],
      "images": [
        "images/bloodline_front.webp",
        "images/bloodline_back.webp",
        "images/bloodline_closeup.webp",
        "images/bloodline_model.webp"
      ],
      "description": "Step into the surreal with the Vennom Eclipse tee — a bold visual statement blending mythology, distortion, and streetwear edge. The back features a haunting grayscale illustration of a horned goddess with glowing eyes, set against a chaotic splatter of deep red and white. Below her, the word “VENNOM” screams in jagged crimson typography, giving this shirt an aggressive, art-punk feel. The contrast sleeves and oversized fit make this a standout piece for those unafraid of bold visuals and cultural rebellion.",
      "color": "White base with red splatter print",
      "graphic": "Full back illustration with text",
      "fit": "Relaxed / oversized",
      "material": "100% Cotton",
      "care": "Cold wash only. Do not iron on print.",
      "inStock": true,
      "topPick": false,
      "category": "Multimedia Collage"
    },
    {
      "productId": "prod002",
      "name": "Ivory Lounge Shorts",
      "price": 1499,
      "sizes": ["XS", "S", "M", "L", "XL"],
      "images": [
        "images/ivory_shorts_closeup.webp",
        "images/ivory_shorts_back.webp",
        "images/ivory_shorts_closeup.webp"

      ],
      "subtitle":"VENNOM Premium Fleece Shorts – Off-White",
      "description": "Elevate your casual style with the VENNOM Premium Fleece Shorts in a sleek off-white tone. Crafted for comfort and versatility, these shorts are made from high-quality fleece fabric that feels soft against the skin while maintaining structure and shape.",
      "color": "Off-white",
      "graphic": "Subtle VENNOM branding embroidery on left leg",
      "fit": "Relaxed fit, above-knee length",
      "material": "Soft fleece blend",
      "care": "Cold wash only. Do not iron on print.",
      "details": "Adjustable drawstring waistband, side pockets",
      "stylingTip": "Pair with a bold tee and statement sneakers for a clean, streetwear-inspired look",
      "inStock": false,
      "topPick": true,
      "category": "Multimedia Collage"
    },
    {
      "productId": "prod003",
      "name": "Olive Recon Pants",
      "price": 3999,
      "sizes": ["XS", "S", "M", "L", "XL"],
      "images": [
        "images/olive_pants_front.webp",
        "images/olive_pants_back.webp",
        "images/olive_pants_detail.webp",
        "images/olive_pants_model.webp"
      ],
      "description": "Engineered for comfort and crafted with attitude, the VENNOM Utility Cargo Pants bring rugged style into everyday wear. Featuring a relaxed, straight-leg fit in a soft olive tone, these cargos blend utility and streetwear seamlessly.",
      "color": "Olive Green",
      "fit": "Relaxed straight-leg",
      "material": "Durable cotton twill",
      "graphic": "Neon VENNOM branding detail",
      "details": "Dual side cargo pockets for functionality and style",
      "care": "Cold wash only",
      "stylingTip": "Perfect for pairing with oversized tees or snug basics.",
      "inStock": false,
      "topPick": false,
      "category": "Multimedia Collage"
    },
    {
      "productId": "prod004",
      "name": "Red Reign",
      "price": 1799,
      "sizes": ["XS", "S", "M", "L", "XL"],
      "images": [
        "images/red_reign_front.webp",
        "images/red_reign_back.webp",
        "images/red_reign_closeup.webp",
        "images/red_reign_model.webp"
      ],
      "subtitle":"VENNOM Oversized Unisex T-Shirt – Red",
      "description": "Make a bold statement with the Vennom Oversized T-Shirt in vibrant red. Designed for both men and women, this unisex essential combines streetwear energy with everyday comfort. Made from premium cotton, the tee features a relaxed, boxy silhouette that drapes effortlessly on all body types.",
      "color": "Classic Red",
      "fit": "Oversized unisex",
      "material": "100% Premium Cotton",
      "graphic": "Minimal front branding with “VENNOM” typography at the chest",
      "stylingTip": "Pairs seamlessly with neutral shorts, chunky sneakers, and statement sunglasses for an elevated casual look",
      "idealFor": "Streetwear enthusiasts, casual daywear, or matching couple outfits",
      "care": "Machine wash cold, inside out",
      "inStock": true,
      "topPick": false,
      "category": "Multimedia Collage"
    },
    {
      "productId": "prod005",
      "name": "Royal Flow",
      "price": 1799,
      "sizes": ["XS", "S", "M", "L", "XL"],
      "images": [
        "images/royal_flow_front.webp",
        "images/royal_flow_back.webp",
        "images/royal_flow_closeup.webp",
        "images/royal_flow_model.webp"
      ],
      "description": "The Royal Flow tee offers a balanced streetwear look — simple on the front, bold on the back. The chest features a small 'vennom' logo with the slogan “problems over peace”, while the back carries the message across the shoulders in bold script. Designed for casual comfort with a message.",
      "color": "Royal Blue",
      "fit": "Loose, casual fit",
      "material": "Smooth and soft premium cotton",
      "graphic": "Front: Small logo & slogan | Back: Large 'Problems over peace' script",
      "stylingTip": "Pairs well with cargo pants and street sneakers for a casual but expressive look",
      "care": "Machine wash cold, inside out",
      "inStock": true,
      "topPick": true,
      "category": "Multimedia Collage"
    },
    {
      "productId": "prod006",
      "name": "Shadow Grey",
      "price": 1799,
      "sizes": ["XS", "S", "M", "L", "XL"],
      "images": [
        "images/shadow_grey_front.webp",
        "images/shadow_grey_closeup2.webp",
        "images/shadow_grey_closeup.webp",
        "images/shadow_grey_model.webp"
      ],
      "header":[
        "images/shadow_grey_closeup2.webp",
        "images/shadow_grey_closeup.webp"
      ],
      "subtitle":"VENNOM Oversized Unisex Street Tee – Charcoal",
      "description": "Step into effortless style with the VENNOM Oversized Street Tee, designed for those who thrive in bold minimalism. Crafted in deep charcoal with subtle tonal branding, this tee blends premium comfort with a sharp street aesthetic.",
      "color": "Charcoal",
      "fit": "Oversized unisex",
      "material": "Premium cotton",
      "graphic": "Minimal tonal 'VENNOM' print on chest",
      "stylingTip": "Pairs easily with cargos, jeans, or shorts",
      "care": "Machine wash cold, inside out",
      "inStock": true,
      "topPick": false,
      "category": "Multimedia Collage"
    },
    {
      "productId": "prod007",
      "name": "Skull Rose",
      "price": 2199,
      "sizes": ["XS", "S", "L", "XL"],
      "images": [
        "images/skull_rose_front.webp",
        "images/skull_rose_front1.webp",
        "images/skull_rose_back.webp",
        "images/skull_rose_model.webp"
      ],
      "header":[
         "images/skull_rose_grp1.webp",
        "images/skull_rose_grp2.webp"
      ],
      "description": "Keep it lowkey with impact. The Spider Sight tee delivers subtle menace up front with a small, sharp red 'vennom - predators prey too' graphic printed over the left chest. Crafted from soft black cotton, this t-shirt offers a clean, structured silhouette ideal for streetwear layering or standalone statement fits.",
      "color": "Black",
      "graphic": "Small front chest print (left side)",
      "fit": "Boxy / relaxed",
      "material": "100% Cotton",
      "care": "Machine wash cold, tumble dry low",
      "inStock": true,
      "topPick": false,
      "category": "Multimedia Collage"
    },
    {
      "productId": "prod008",
      "name": "Spider Sight",
      "price": 2199,
      "sizes": ["XS", "S", "M", "L", "XL"],
      "images": [
        "images/spider_sight_front.webp",
        "images/spider_sight_back.webp",
        "images/spider_sight_closeup.webp",
        "images/spider_sight_model.webp"
      ],
      "header":[
        "images/spider_sight_back.webp",
        "images/spider_sight_closeup.webp"
      ],
      "description": "Unleash your darker side with the Spider Sight t-shirt. This bold black tee features an eye-catching graphic on the back, showcasing a stylized white spider crawling out of a red webbed eye, surrounded by chaotic web details. The word “VENNOM” explodes across the shoulders in jagged red text, creating a menacing streetwear vibe. Made from comfortable, breathable cotton, it pairs effortlessly with wide-leg jeans or your favorite statement sneakers. Perfect for fans of edgy comic-inspired fashion and street culture.",
      "color": "Black",
      "graphic": "Full back print",
      "fit": "Relaxed / oversized",
      "material": "100% Cotton",
      "care": "Machine wash cold, inside out",
      "inStock": true,
      "topPick": true,
      "category": "Multimedia Collage"
    }
  ]
}
